ID,title,image_url
1,Tổng quan về khu vực ngã tư Bình Chuẩn và tiềm năng bất động sản nơi đây,https://cdnnews.mogi.vn/news/wp-content/uploads/2024/09/25224845/nga-tu-binh-chuan-696x392.jpg
2,LUA là đất trồng lúa? Những điều cần biết về đất trồng lúa,https://cdnnews.mogi.vn/news/wp-content/uploads/2024/09/18161214/lua-la-dat-trong-lua-696x392.jpg
3,Cầu vượt Quang Trung 1 và tiềm năng phát triển BĐS trong tương lai,https://cdnnews.mogi.vn/news/wp-content/uploads/2024/08/25232529/cau-vuot-quang-trung-1-696x392.jpg
4,Ngã ba Tân Phong Long Khánh – Tiềm năng phát triển mạnh mẽ,https://cdnnews.mogi.vn/news/wp-content/uploads/2024/08/19063120/nga-ba-tan-phong-long-khanh-696x392.jpg
5,"Ngã 3 Tân Vạn: Vị trí, tiện ích cùng tình hình bất động sản hiện tại",https://cdnnews.mogi.vn/news/wp-content/uploads/2024/08/10162715/nga-3-tan-van-696x392.png
6,"Cầu vượt Tân Thới Hiệp: Vị trí, tiện ích cùng tình hình bất động sản hiện tại",https://cdnnews.mogi.vn/news/wp-content/uploads/2024/08/09231130/cau-vuot-tan-thoi-hiep-696x392.jpg
7,"Ngã tư Tân Phong – Vị trí, giao thông và tiềm năng bất động sản",https://cdnnews.mogi.vn/news/wp-content/uploads/2024/08/09185155/nga-tu-tan-phong-696x392.jpg
8,Cầu vượt Linh Xuân ở đâu? Tiện ích xung quanh cùng các dự án nổi bật,https://cdnnews.mogi.vn/news/wp-content/uploads/2024/08/12174445/cau-vuot-linh-xuan-696x392.jpg
9,Danh sách 15 tòa nhà cao nhất Hải Phòng 2024,https://cdnnews.mogi.vn/news/wp-content/uploads/2024/07/30163602/toa-nha-cao-nhat-hai-phong-1-696x392.jpg
10,"Ngã tư Bốn Xã – Vị trí, tiện ích và tiềm năng bất động sản khu vực",https://cdnnews.mogi.vn/news/wp-content/uploads/2024/07/10234849/nga-tu-bon-xa-696x392.jpg
11,"Ngã tư Tân Quy: Vị trí, tiện ích cùng tình hình bất động sản hiện tại",https://cdnnews.mogi.vn/news/wp-content/uploads/2024/07/12071814/nga-tu-tan-quy-696x392.jpg
12,"Vòng xoay Dân Chủ: Vị trí, hạ tầng và tình hình BĐS",https://cdnnews.mogi.vn/news/wp-content/uploads/2024/07/08111321/vong-xoay-dan-chu-bia-1-696x392.jpg
13,Quy tắc 50/30/20 là gì? Bắt đầu với quản lý tài chính cá nhân đơn giản,https://cdnnews.mogi.vn/news/wp-content/uploads/2024/07/01134110/quy-tac-50-30-20-bia-696x392.jpg
14,"Mệnh Hoả sơn nhà màu gì thì tốt cho vận may, tài lộc gia chủ?",https://cdnnews.mogi.vn/news/wp-content/uploads/2024/07/01165350/menh-hoa-son-nha-mau-gi-696x392.jpg
15,Biệt thự song lập là gì? Giải mã sức hút của biệt thự song lập,https://cdnnews.mogi.vn/news/wp-content/uploads/2024/06/30234310/biet-thu-song-lap-1-696x392.jpg
16,Cầu Đồng Nai mới: Thông tin dự án và cập nhật tiến độ 2024,https://cdnnews.mogi.vn/news/wp-content/uploads/2024/06/21224706/cau-dong-nai-moi-696x392.jpg
17,"Ngã ba Nhơn Trạch: Vị trí, Cơ sở hạ tầng và Tiện ích xung quanh",https://cdnnews.mogi.vn/news/wp-content/uploads/2024/06/28145647/nga-ba-nhon-trach-bia-696x392.jpg
18,Nhà ở xã hội: Điều kiện và những Quy định bạn cần biết,https://cdnnews.mogi.vn/news/wp-content/uploads/2024/06/06093600/nha-o-xa-hoi-1-1-696x392.jpg
19,Đòn bẩy tài chính là gì? Cách sử dụng và công thức tính,https://cdnnews.mogi.vn/news/wp-content/uploads/2024/06/21214732/don-bay-tai-chinh-la-gi-696x392.jpg
20,Lưu trú là gì? Các loại hình lưu trú phổ biến hiện nay,https://cdnnews.mogi.vn/news/wp-content/uploads/2024/06/23142019/luu-tru-la-gi-696x392.jpg
21,25+ mẫu phòng ngủ đẹp cho nữ được yêu thích nhất hiện nay,https://cdnnews.mogi.vn/news/wp-content/uploads/2024/06/17161647/phong-ngu-dep-cho-nu-696x392.jpg
22,Đường Hồ Chí Minh ở đâu? Đi qua những tỉnh thành nào?,https://cdnnews.mogi.vn/news/wp-content/uploads/2024/06/16225651/duong-ho-chi-minh-696x392.jpg
23,Sử dụng đòn bẩy tài chính trong đầu tư bất động sản,https://cdnnews.mogi.vn/news/wp-content/uploads/2024/06/05195122/don-bay-tai-chinh-trong-dau-tu-bat-dong-san-696x392.jpg
24,"Vòng xoay An Phú: Vị trí, hạ tầng và các tiện ích nổi bật",https://cdnnews.mogi.vn/news/wp-content/uploads/2024/06/17105646/vong-xoay-an-phu-100-696x392.jpg
25,"Ngã tư Hòa Lân: Vị trí, hạ tầng và thị trường bất động sản tại đây",https://cdnnews.mogi.vn/news/wp-content/uploads/2024/05/30151632/Mau-anh-nga-tu-hoa-lan-bia-2-696x392.jpg
26,"Ngã tư Ga: Vị trí, tiện ích và tiềm năng bất động sản khu vực",https://cdnnews.mogi.vn/news/wp-content/uploads/2024/05/28205333/nga-tu-ga-696x392.jpg
27,Ngã tư Thủ Đức ở đâu? Tiện ích và dự án bất động sản nổi bật,https://cdnnews.mogi.vn/news/wp-content/uploads/2024/05/22085652/nga-tu-thu-duc-1-696x392.jpg
28,Nên mua nhà trước hay sau Luật Đất đai sửa đổi 2024?,https://cdnnews.mogi.vn/news/wp-content/uploads/2024/05/05223405/nen-mua-nha-truoc-hay-sau-luat-dat-dai-sua-doi-2024-2-696x392.jpg
29,Sổ hồng chung cư 50 năm là gì? Có nên mua chung cư có sổ hồng 50 năm?,https://cdnnews.mogi.vn/news/wp-content/uploads/2024/04/03180035/so-hong-chung-cu-50-nam-696x392.jpg
30,Nhà hướng Đông Bắc đặt bếp hướng nào hút tài lộc?,https://cdnnews.mogi.vn/news/wp-content/uploads/2024/04/02220826/nha-huong-dong-bac-dat-bep-huong-nao-696x392.jpg
31,Kinh Nghiệm Cải Tạo Nhà Cũ Thành Nhà Mới Tiết Kiệm Chi Phí,https://cdnnews.mogi.vn/news/wp-content/uploads/2024/03/28005020/kinh-nghiem-cai-tao-nha-cu-696x392.jpg
32,Tổng Hợp Các Dự Án Chung Cư Tại Bắc Giang Đang Mở Bán Hiện Tại,https://cdnnews.mogi.vn/news/wp-content/uploads/2024/04/01105432/cac-du-an-chung-cu-tai-bac-giang-696x392.jpg
33,Quận 1 Giáp Quận Nào? Có Bao Nhiêu Phường Tại Quận 1?,https://cdnnews.mogi.vn/news/wp-content/uploads/2024/03/24234045/quan-1-giap-quan-nao-2-696x522.jpg
34,Tổng Hợp Dự Án Chung Cư Làng Đại Học Đang Mở Bán Hot Nhất Năm,https://cdnnews.mogi.vn/news/wp-content/uploads/2024/03/21162840/du-an-chung-cu-lang-dai-hoc-696x392.jpg
35,Chi Tiết Các Dự Án Chung Cư Tại Quy Nhơn Đang Và Sắp Mở Bán,https://cdnnews.mogi.vn/news/wp-content/uploads/2024/03/21152956/cac-du-an-chung-cu-tai-quy-nhon-696x392.jpg
36,Đất Dự Án Là Gì? Thủ Tục Và Lưu Ý Về Đất Dự Án Bạn Cần Biết,https://cdnnews.mogi.vn/news/wp-content/uploads/2024/01/12001943/dat-du-an-la-gi-696x392.jpg
37,Thuế Nhà Đất Là Gì? Cách Tính Thuế Đất Và Thời Gian Nộp Thuế Hàng Năm,https://cdnnews.mogi.vn/news/wp-content/uploads/2023/12/19184753/thue-nha-dat-696x392.jpg
38,"Tử Vi 12 Con Giáp Ngày 13/12/2023: Tuất Đón Tài Lộc, Dần Gặp Vận Hạn",https://cdnnews.mogi.vn/news/wp-content/uploads/2023/12/12232425/tu-vi-12-con-giap-ngay-13-12-2023-696x392.jpg
39,Tổng Hợp Mẫu Thiết Kế Nội Thất Quán Bida Bình Dân Tới Cao Cấp Cực Đẹp,https://cdnnews.mogi.vn/news/wp-content/uploads/2023/11/17105932/thiet-ke-noi-that-quan-bida-696x392.jpg
40,"Tổng Hợp Mẫu Thiết Kế Nội Thất Spa Đẹp Sang Trọng, Thể Hiện Sự Chuyên Nghiệp",https://cdnnews.mogi.vn/news/wp-content/uploads/2023/11/16235413/thiet-ke-noi-that-spa-696x392.jpg
41,99+ Mẫu Thiết Kế Nội Thất Chung Cư Hiện Đại – Xu Hướng Căn Hộ 2024,https://cdnnews.mogi.vn/news/wp-content/uploads/2023/11/13003352/thiet-ke-noi-that-chung-cu-3-phong-ngu-31-696x392.jpg
42,"Tất Tần Tật Cách Thiết Kế Bếp Nhà Hàng Tiện Lợi, Thông Minh",https://cdnnews.mogi.vn/news/wp-content/uploads/2023/10/01172508/thiet-ke-bep-nha-hang-696x392.jpg
43,Tháng 12 Cung Gì? Giải Mã Vận Mệnh Và Ngành Nghề Phù Hợp,https://cdnnews.mogi.vn/news/wp-content/uploads/2023/10/11101138/thang-12-cung-gi-696x392.jpg
44,"Những Cách Trang Trí Phòng Khách Nhà Vuông Hiện Đại, Dẫn Đầu Xu Hướng",https://cdnnews.mogi.vn/news/wp-content/uploads/2023/10/04085500/cach-trang-tri-phong-khach-nha-vuong-696x392.jpg
45,Mẹo Trang Trí Phòng Karaoke Gia Đình Thịnh Hành Nhất Hiện Nay,https://cdnnews.mogi.vn/news/wp-content/uploads/2023/09/28101117/trang-tri-phong-karaoke-gia-dinh-696x392.jpg
46,Ngày Quốc Tế Đàn Ông 19/11 Có Nguồn Gốc Và Ý Nghĩa Như Thế Nào?,https://cdnnews.mogi.vn/news/wp-content/uploads/2023/09/25170743/ngay-quoc-te-dan-ong-696x392.jpg
47,Bàu Bàng Bình Dương Và Những Tiềm Năng Bùng Nổ Kinh Tế Mạnh Mẽ,https://cdnnews.mogi.vn/news/wp-content/uploads/2023/08/20130306/bau-bang-binh-duong-696x392.jpg
48,Ngã Tư Hòa Lân Ở Đâu? Ngã Tư Hòa Lân Có Gì Nổi Bật?,https://cdnnews.mogi.vn/news/wp-content/uploads/2023/08/18152826/nga-tu-hoa-lan-binh-duong-696x392.jpg
49,Quy hoạch thành phố Hồ Chí Minh đến năm 2025: hướng đa trung tâm,https://mogi.vn/news/wp-content/uploads/2020/04/quy-hoach-thanh-pho-ho-chi-minh-den-nam-2025-3-1-696x370.jpg
50,Phong Cách Thiết Kế Nội Thất Rustic Là Gì? Đặc Trưng Và Ứng Dụng,https://cdnnews.mogi.vn/news/wp-content/uploads/2023/08/15112419/phong-cach-thiet-ke-noi-that-rustic-696x392.jpg
51,Sao Đẩu Quân Là Gì? Ý Nghĩa Sao Đẩu Quân Tại Mệnh Và Tại Các Cung,https://cdnnews.mogi.vn/news/wp-content/uploads/2023/05/24232446/sao-dau-quan-696x392.jpg
52,Phân Lô Bán Nền Là Gì? Phân Tích Từ A-Z Ưu Và Nhược Điểm,https://cdnnews.mogi.vn/news/wp-content/uploads/2023/05/16060137/phan-lo-ban-nen-la-gi-696x392.jpg
53,7 Cách Trồng Hành Lá Tại Nhà Đơn Giản Mà Bạn Nên Thử Ngay Hôm Nay,https://cdnnews.mogi.vn/news/wp-content/uploads/2023/01/23141640/cach-trong-hanh-la-10-696x392.jpg
54,Người Cổ Cao 3 Ngấn Là Tốt Hay Xấu? Tướng Phú Quý Hay Bần Hàn?,https://cdnnews.mogi.vn/news/wp-content/uploads/2023/05/11143954/co-cao-3-ngan-696x392.jpg
55,Bát Trạch Minh Cảnh Là Gì? Ứng Dụng Phong Thủy Của Bát Trạch Minh Cảnh,https://cdnnews.mogi.vn/news/wp-content/uploads/2023/03/23154433/bat-trach-minh-canh-20-696x392.jpg
56,"10+ Mẫu Nhà Chữ U 4 Phòng Ngủ Cực Đẹp, Tiện Nghi Và Dễ Dàng Thi Công",https://cdnnews.mogi.vn/news/wp-content/uploads/2023/03/16133453/nha-chu-u-4-phong-ngu-696x392.jpg
57,Đất Chua Là Gì? Biện Pháp Cải Tạo Đất Chua Nhanh Chóng Và Hiệu Quả Nhất,https://cdnnews.mogi.vn/news/wp-content/uploads/2023/03/12233749/bien-phap-cai-tao-dat-chua-696x392.jpg
58,Mắt Phượng Là Gì? Tử Vi Tướng Số Người Sở Hữu Mắt Phượng,https://cdnnews.mogi.vn/news/wp-content/uploads/2023/03/02005700/mat-phuong-la-gi-696x392.jpg
59,Vàng Tây Là Gì? Cách Để Phân Biệt Vàng Tây Với Các Loại Vàng Khác,https://cdnnews.mogi.vn/news/wp-content/uploads/2023/02/08231228/vang-tay-la-gi-696x392.jpg
60,Hướng Dẫn Coi Chỉ Tay Từ A – Z Ở Nam Và Nữ Cực Dễ,https://cdnnews.mogi.vn/news/wp-content/uploads/2023/02/08163306/coi-chi-tay-696x392.jpg
61,Những Mẫu Nhà Tiền Chế Nông Thôn Đẹp Và Tiện Nghi Nhất Năm 2023,https://cdnnews.mogi.vn/news/wp-content/uploads/2023/02/21161503/mau-nha-tien-che-nong-thon-696x392.jpg
62,"Luận Đoán Vận Mệnh Cung Kim Ngưu Nam Trong Cuộc Sống, Tình Yêu Và Sự Nghiệp",https://cdnnews.mogi.vn/news/wp-content/uploads/2023/02/21145820/cung-kim-nguu-nam-696x392.jpg
63,"Cung hoàng đạo lai là cung gì? Đặc điểm, tính cách 12 cung hoàng đạo lai",https://cdnnews.mogi.vn/news/wp-content/uploads/2022/12/30084917/cung-hoang-dao-lai-696x392.jpg
64,"Mễ Trì Hạ – khu đô thị đình đám tại quận Nam Từ Liêm, Hà Nội",https://mogi.vn/news/wp-content/uploads/2019/09/kdt-me-tri-ha-2-696x435.jpg
65,"Cần Thơ có bao nhiêu quận huyện? Điểm nổi bật từng quận, huyện",https://cdnnews.mogi.vn/news/wp-content/uploads/2022/05/10170015/can-tho-co-bao-nhieu-quan-huyen-696x392.jpg
66,Nhà Bè ở đâu? Cập nhật thông tin quy hoạch huyện Nhà Bè mới nhất,https://cdnnews.mogi.vn/news/wp-content/uploads/2022/05/03101442/nha-be-o-dau-696x392.jpg
67,KCN Lê Minh Xuân Bình Chánh và những thông tin chi tiết mới nhất,https://cdnnews.mogi.vn/news/wp-content/uploads/2022/11/11110030/kcn-le-minh-xuan-696x392.jpg
68,Quy Trình Mua Chung Cư Trả Góp Cực Chi Tiết Và Những Sai Lầm Cần Tránh,https://cdnnews.mogi.vn/news/wp-content/uploads/2022/10/23233946/quy-trinh-mua-chung-cu-tra-gop-696x392.jpg
69,Nhện Bò Vào Nhà Là Dấu Hiệu Của Sự Xui Xẻo?,https://cdnnews.mogi.vn/news/wp-content/uploads/2022/10/31215142/nhen-bo-vao-nha-696x392.jpg
70,Có Nên Để Muối Trong Phòng Ngủ Không? Giải Đáp Chi Tiết,https://cdnnews.mogi.vn/news/wp-content/uploads/2022/11/01095309/co-nen-de-muoi-trong-phong-ngu-696x392.jpg
71,Giá 1 Căn Hộ Chung Cư Ở TPHCM Có Đắt Không? Cách Mua Chung Cư Giá Tốt,https://cdnnews.mogi.vn/news/wp-content/uploads/2022/10/27151019/gia-1-can-ho-chung-cu-o-tphcm-696x392.jpg
72,"Thành Phố Hà Nội Có Bao Nhiêu Quận, Huyện, Thị Xã? Cập nhật mới nhất",https://cdnnews.mogi.vn/news/wp-content/uploads/2022/10/18224616/thanh-pho-ha-noi-co-bao-nhieu-quan-696x392.jpg
73,"30+ Chung Cư Quận Tân Phú: Vị Trí, Quy Mô Và Tình trạng Bàn Giao",https://cdnnews.mogi.vn/news/wp-content/uploads/2022/10/14004110/danh-sach-chung-cu-quan-tan-phu-696x392.jpg
74,Tổng Hợp Các Dự Án Chung Cư 2023 TPHCM Đang Mở Bán. Cập Nhật Mới Nhất,https://cdnnews.mogi.vn/news/wp-content/uploads/2022/10/18152630/du-an-chung-cu-2022-tphcm-696x392.jpg
75,Hướng Dẫn Cách Tính Vị Trí Đất Tại Hà Nội Và Xác Định Giá Đất Chính Xác Nhất,https://cdnnews.mogi.vn/news/wp-content/uploads/2022/10/17221906/cach-tinh-vi-tri-dat-tai-ha-noi-696x392.jpg
76,"Nhà Bè Quận Mấy? Gồm Những Thị Trấn, Xã Nào? Có thuộc TP. HCM không?",https://cdnnews.mogi.vn/news/wp-content/uploads/2022/10/14172447/nha-be-quan-may-696x392.jpg
77,Giá Nhà Đất Hiện Nay Ở Hà Nội Có Biến Động Gì?,https://cdnnews.mogi.vn/news/wp-content/uploads/2022/10/12134723/gia-nha-dat-hien-nay-o-ha-noi-696x392.jpg
78,"Các Chung Cư Ở Gò Vấp Đang Mở Bán, Cho Thuê Năm 2023",https://cdnnews.mogi.vn/news/wp-content/uploads/2022/10/12121645/cac-chung-cu-o-go-vap-696x392.jpg
79,Bản Đồ Quy Hoạch Tây Ninh – Cập Nhật Mới Nhất Năm 2022,https://cdnnews.mogi.vn/news/wp-content/uploads/2022/09/13145050/ban-do-quy-hoach-tay-ninh-696x392.jpg
80,Các kích thước thang máy gia đình chuẩn theo từng loại,https://mogi.vn/news/wp-content/uploads/2022/08/kich-thuoc-thang-may-gia-dinh-696x392.jpg
81,Khu công nghiệp Đình Trám và thông tin bổ ích cập nhật mới nhất cho nhà đầu tư,https://mogi.vn/news/wp-content/uploads/2022/07/khu-cong-nghiep-dinh-tram-696x392.jpg
82,Các ký hiệu viết tắt trong bản vẽ xây dựng bạn nên biết,https://mogi.vn/news/wp-content/uploads/2022/07/cac-ky-hieu-viet-tat-trong-ban-ve-xay-dung-696x392.jpg
83,Cập nhật thông tin chi tiết và đầy đủ nhất về khu công nghiệp Hoà Phú,https://mogi.vn/news/wp-content/uploads/2022/07/khu-cong-nghiep-hoa-phu-696x392.jpg
84,Thông tin về khu công nghiệp Yên Phong cập nhật đầy đủ và mới nhất hiện nay,https://mogi.vn/news/wp-content/uploads/2022/07/khu-cong-nghiep-yen-phong-696x392.jpg
85,"Thông tin đầy đủ về khu công nghiệp Hiệp Phước, chi phí nhà xưởng cập nhật mới nhất",https://mogi.vn/news/wp-content/uploads/2022/07/khu-cong-nghiep-hiep-phuoc-696x392.jpg
86,Các thông tin cần thiết và đầy đủ về khu công nghiệp Đại Đăng dành cho các nhà đầu tư,https://mogi.vn/news/wp-content/uploads/2022/07/khu-cong-nghiep-dai-dang-696x392.jpg
87,Thông tin chi tiết và đầy đủ cho các nhà đầu tư về khu công nghiệp Hải Sơn,https://mogi.vn/news/wp-content/uploads/2022/07/khu-cong-nghiep-hai-son-696x392.jpg
88,Cập nhật thông tin về khu công nghiệp Long Hậu chi tiết và đầy đủ nhất ￼,https://mogi.vn/news/wp-content/uploads/2022/07/khu-cong-nghiep-long-hau-10-696x392.jpg
89,"Cập nhật thông tin khu công nghiệp Tân Tạo, nơi thu hút hàng nghìn nhà đầu tư",https://mogi.vn/news/wp-content/uploads/2022/07/khu-cong-nghiep-tan-tao-696x392.jpg
90,Thông tin chi tiết và đầy đủ nhất về khu công nghiệp Phước Đông,https://mogi.vn/news/wp-content/uploads/2022/07/khu-cong-nghiep-phuoc-dong-696x392.jpg
91,Những thông tin chính xác nhất về khu công nghiệp Châu Sơn mới nhất,https://mogi.vn/news/wp-content/uploads/2022/07/khu-cong-nghiep-chau-son-696x392.jpg
92,Thông tin về khu công nghiệp Nam Tân Uyên đầy đủ và chi tiết cập nhật mới nhất,https://mogi.vn/news/wp-content/uploads/2022/07/khu-cong-nghiep-nam-tan-uyen-1-696x392.jpg
93,Khu công nghiệp An Dương và những thông tin nhà đầu tư không thể không biết,https://mogi.vn/news/wp-content/uploads/2022/07/khu-cong-nghiep-an-duong-696x392.jpg
94,Các thông tin cần thiết và đầy đủ về khu công nghiệp Cầu Tràm dành cho các nhà đầu tư,https://mogi.vn/news/wp-content/uploads/2022/07/khu-cong-nghiep-cau-tram-696x392.jpg
95,Thông tin đầy đủ và mới nhất về khu công nghiệp Việt Hương các nhà đầu tư phải lưu ý,https://mogi.vn/news/wp-content/uploads/2022/07/khu-cong-nghiep-viet-huong-696x392.jpg
96,Khu công nghiệp Bá Thiện 2 và một số thông tin mới nhất 2022,https://mogi.vn/news/wp-content/uploads/2022/07/khu-cong-nghiep-ba-thien-2-696x392.jpg
97,Khu công nghiệp Rạch Bắp và một số thông tin mới nhất 2022,https://mogi.vn/news/wp-content/uploads/2022/07/khu-cong-nghiep-rach-bap-696x392.jpg
98,Thông tin chi tiết và giá thuê dự án Khu đô thị Việt Hưng,https://mogi.vn/news/wp-content/uploads/2022/06/khu-do-thi-viet-hung-696x392.jpg
99,Vay tín chấp là gì? Thủ tục và quy trình vay tín chấp tại Việt Nam,https://mogi.vn/news/wp-content/uploads/2022/06/vay-tin-chap-la-gi-696x392.jpg
100,Khu công nghiệp Bình Đường và một số thông tin mới nhất 2022,https://mogi.vn/news/wp-content/uploads/2022/06/khu-cong-nghiep-binh-duong-696x392.jpg
101,Thông tin chi tiết và giá thuê khu công nghiệp Hòa Khánh,https://mogi.vn/news/wp-content/uploads/2022/06/khu-cong-nghiep-hoa-khanh-696x392.jpeg
102,Khu công nghiệp Biên Hòa 2 Đồng Nai – Thông tin chi tiết,https://mogi.vn/news/wp-content/uploads/2022/06/khu-cong-nghiep-bien-hoa-2-696x392.jpg
103,Thông tin và giá thuê chi tiết Khu công nghiệp Sóng Thần,https://mogi.vn/news/wp-content/uploads/2022/06/khu-cong-nghiep-song-than-696x392.jpg
104,Khu công nghiệp Tiên Sơn – KCN phát triển tiêu biểu vùng Bắc Bộ,https://mogi.vn/news/wp-content/uploads/2022/06/khu-cong-nghiep-tien-son-696x392.jpg
105,Bản đồ Bình Dương – Cập nhật các thông tin mới nhất 2022!,https://mogi.vn/news/wp-content/uploads/2022/06/ban-do-binh-duong-696x392.jpg
106,Thông Tin Chi Tiết Và Chi Phí Thuê Khu Công Nghiệp Đại An,https://mogi.vn/news/wp-content/uploads/2022/06/khu-cong-nghiep-dai-an-696x392.jpg
107,Khu công nghiệp Bắc Thăng Long và một số thông tin mới nhất 2022,https://mogi.vn/news/wp-content/uploads/2022/06/khu-cong-nghiep-bac-thang-long-696x392.jpg
108,Thông tin tổng quan dự án và chi phí thuê khu công nghiệp Tân Đô,https://mogi.vn/news/wp-content/uploads/2022/06/khu-cong-nghiep-tan-do-696x392.jpg
109,Thông tin tổng quan dự án và chi phí thuê khu công nghiệp Tân Đô,https://mogi.vn/news/wp-content/uploads/2022/06/khu-cong-nghiep-tan-do-696x392.jpg
110,Thông tin chi tiết và chi phí thuê Khu công nghiệp Quế Võ,https://mogi.vn/news/wp-content/uploads/2022/06/khu-cong-nghiep-que-vo-696x392.jpg
111,Thông tin chi tiết dự án khu công nghiệp Quang Minh,https://mogi.vn/news/wp-content/uploads/2022/06/khu-cong-nghiep-quang-minh-696x392.jpg
112,Thông tin chi tiết và giá thuê Khu công nghiệp Phú Hà,https://mogi.vn/news/wp-content/uploads/2022/06/khu-cong-nghiep-phu-ha-696x392.jpg
113,Khu đô thị Xa La ở đâu? Thông tin tổng quan khu đô thị Xa La,https://mogi.vn/news/wp-content/uploads/2022/06/khu-do-thi-xa-la-696x392.jpg
114,Tổng quan thông tin về dự án Khu đô Thị Ngoại Giao Đoàn Hà Nội,https://mogi.vn/news/wp-content/uploads/2022/06/khu-ngoai-giao-doan-696x392.jpg
115,Tổng quan dự án và quy hoạch Khu công nghiệp Amata,https://mogi.vn/news/wp-content/uploads/2022/06/khu-cong-nghiep-amata-696x392.jpg
116,Bản đồ Cần Thơ chi tiết – Thông tin sơ lược về thành phố Cần Thơ,https://mogi.vn/news/wp-content/uploads/2022/05/ban-do-can-tho-696x392.jpg
117,Cập nhật mới nhất thông tin chi tiết bản đồ quy hoạch Hà Nội 2022,https://mogi.vn/news/wp-content/uploads/2022/05/ban-do-quy-hoach-ha-noi-37-696x392.jpg
118,Cập nhật Bản đồ hành chính quận Gò Vấp Thành phố Hồ Chí Minh mới nhất 2022,https://mogi.vn/news/wp-content/uploads/2022/05/ban-do-quan-go-vap-696x392.jpg
119,Quận 12 giáp quận nào? Đánh giá tiềm năng phát triển của Quận 12,https://mogi.vn/news/wp-content/uploads/2022/05/quan-12-giap-quan-nao-696x392.jpg
120,Đất lên thổ cư bao nhiêu tiền 1m2 – điều kiện để chuyển lên thổ cư,https://cdnnews.mogi.vn/news/wp-content/uploads/2022/05/08141915/dat-len-tho-cu-bao-nhieu-tien-1m2-696x392.jpg
121,Hướng dẫn chi tiết thủ tục vay ngân hàng mua nhà trả góp cho người mới,https://mogi.vn/news/wp-content/uploads/2022/05/thu-tuc-vay-ngan-hang-mua-nha-696x392.jpg
122,Thế chấp sổ đỏ vay được bao nhiêu tiền? Thủ tục phức tạp không?,https://mogi.vn/news/wp-content/uploads/2022/05/the-chap-so-do-vay-duoc-bao-nhieu-tien-696x392.jpg
123,Khu đô thị An Hưng có điểm gì nổi bật? Giá bán hiện nay bao nhiêu?,https://mogi.vn/news/wp-content/uploads/2022/05/khu-do-thi-an-hung-17-696x392.jpg
124,Khu đô thị Văn Khê Hà đông có gì hot? Giá bán chi tiết mới nhất,https://mogi.vn/news/wp-content/uploads/2022/04/khu-do-thi-moi-van-khe-696x392.jpg
125,Times City ở đâu? Khu đô thị Vinhomes Times City có gì hấp dẫn?,https://mogi.vn/news/wp-content/uploads/2022/04/times-city.jpg
126,Cách tính gạch xây nhà đơn giản và chuẩn nhất ai cũng làm được,https://mogi.vn/news/wp-content/uploads/2022/04/cach-tinh-gach-xay-nha-696x392.jpg
127,TOP 4 loại móng nhà dân dụng cơ bản bạn cần biết khi xây nhà,https://mogi.vn/news/wp-content/uploads/2022/04/mong-nha.jpg
128,KCN Vĩnh Lộc và những điều mà bạn chưa biết về khu công nghiệp này!,https://mogi.vn/news/wp-content/uploads/2022/04/kcn-vinh-loc-696x392.jpg
129,Danh sách và thông tin các khu công nghiệp Đà Nẵng mới nhất 2022,https://mogi.vn/news/wp-content/uploads/2022/04/khu-cong-nghiep-da-nang-10-696x392.jpg
130,Thành phố Thủ Đức gồm những quận nào? Một số khu vực trọng điểm,https://mogi.vn/news/wp-content/uploads/2022/04/thanh-pho-thu-duc-gom-nhung-quan-nao-696x392.jpg
131,Sinh năm 1986 hợp với hướng nào? Hóa giải hướng nhà xấu tuổi Bính Dần,https://mogi.vn/news/wp-content/uploads/2022/03/1986-hop-huong-nao.jpeg
132,Top 18 công ty bất động sản nổi tiếng nhất và lớn nhất hiện nay,https://mogi.vn/news/wp-content/uploads/2022/03/cong-ty-bat-dong-san-696x392.jpg
133,Tuổi 1989 hợp hướng nào? Phong thủy cho tuổi Kỷ Tỵ 1989 trong 2022,https://mogi.vn/news/wp-content/uploads/2022/03/sinh-nam-1989-hop-huong-nao-696x392.jpg
134,Đảo Đại Phước ở đâu? Phong Thuỷ của SwanBay đảo Đại Phước như thế nào?,https://mogi.vn/news/wp-content/uploads/2022/03/dao-dai-phuoc.jpeg
135,Thông tin bản đồ quy hoạch Bà Rịa – Vũng Tàu từ năm 2021 đến năm 2030,https://mogi.vn/news/wp-content/uploads/2022/03/quy-hoach-ba-ria-vung-tau.jpg
136,Làng Đại học Quốc gia TPHCM nằm ở đâu? Bao gồm những trường nào?,https://mogi.vn/news/wp-content/uploads/2022/03/lang-dai-hoc-quoc-gia-696x392.jpg
137,Làng Đại Học Thủ Đức: Tiềm năng phát triển BĐS 2022,https://mogi.vn/news/wp-content/uploads/2022/02/lang-dai-hoc-thu-duc-696x392.jpg
138,Khu dân cư và 6 đặc điểm chính có thể bạn chưa biết!,https://mogi.vn/news/wp-content/uploads/2022/02/Khu-dan-cu-0_result-696x423.jpg
139,Tòa nhà Bitexco – Biểu tượng đặc trưng nhất Sài Gòn!,https://mogi.vn/news/wp-content/uploads/2022/02/Toa-nha-Bitexco-0_result-696x392.jpg
140,Thước đo lỗ ban và những điều cần biết khi sử dụng,https://mogi.vn/news/wp-content/uploads/2022/01/thuoc-do-lo-ban-nhung-dieu-can-biet-0-696x392.jpg
141,Thủ tục sang nhượng căn hộ dịch vụ năm 2021 và những điều cần biết,https://mogi.vn/news/wp-content/uploads/2021/12/can-ho-dich-vu-3-696x499.jpg
142,"Cách xông nhà đơn giản giúp hóa giải xui xẻo, tẩy uế, trừ tà",https://mogi.vn/news/wp-content/uploads/2021/12/Thiết-kế-chưa-có-tên-29-696x392.jpg
143,Đèn ốp trần phòng khách đẹp hiện đại cho ngôi nhà thêm lung linh,https://mogi.vn/news/wp-content/uploads/2021/12/den-mam-op-tran-trang-tri-696x668.jpg
144,Cách tính kim lâu và 3 điều quan trọng nhất bạn cần phải biết,https://mogi.vn/news/wp-content/uploads/2021/12/Cachtinhtuoikimlau-0_result-696x391.jpg
145,Quế đất là gì? Cụm từ gây xôn xao cả cộng đồng,https://mogi.vn/news/wp-content/uploads/2021/11/quedatlagi.jpg
146,"Mẫu nhà cấp 4 gác lửng 200 triệu đẹp, tiện nghi được yêu thích",https://mogi.vn/news/wp-content/uploads/2021/11/Thiết-kế-chưa-có-tên-2-696x392.jpg
147,"Thiết kế phòng khách nhà ống 5m có cầu thang sang trọng, tiện nghi",https://mogi.vn/news/wp-content/uploads/2021/11/phong-khach-nha-ong-5m-co-cau-thang-1-696x392.jpg
148,Diên Niên là gì? Ý nghĩa và cách xác định Diên Niên khi xây nhà,https://mogi.vn/news/wp-content/uploads/2021/11/Dien-Nien-la-gi-696x513.jpg
149,"Trần thạch cao phòng khách hiện đại, đẹp tinh tế nhất 2021",https://mogi.vn/news/wp-content/uploads/2021/11/tran-thach-cao-phong-khach1-696x463.jpg
150,"The Western Capital – Phân tích ưu nhược điểm, tiềm năng",https://mogi.vn/news/wp-content/uploads/2021/09/the-western-capital-4-696x392.jpg
151,Dự án St Moritz Thủ Đức: Đánh giá ưu điểm – nhược điểm,https://mogi.vn/news/wp-content/uploads/2021/09/1-9-696x522.png
152,The Botanica còn hấp dẫn sau 4 năm bàn giao?,https://mogi.vn/news/wp-content/uploads/2021/08/TheBotanica.jpg
153,"Centum Wealth: Review chi tiết cho khách mua, thuê lại",https://mogi.vn/news/wp-content/uploads/2021/08/Centum-Wealth-11-696x392.jpg
154,Dự án Central Premium: Thực sự cao cấp như tên gọi?,https://mogi.vn/news/wp-content/uploads/2021/08/1-8-696x522.jpg
155,9 View Apartment: Căn hộ đáng sống ở quận 9,https://mogi.vn/news/wp-content/uploads/2021/08/1-6-696x522.jpg
156,"CT Home Bình Thạnh: Tổng quan, chất lượng và tiện ích",https://mogi.vn/news/wp-content/uploads/2021/08/ct-bt-696x522.jpg
157,"Opal Boulevard: Tiện ích, giá bán, tiềm năng đầu tư",https://mogi.vn/news/wp-content/uploads/2021/07/opal-boulevard-2-696x470.jpg
158,Top dự án Bình Dương đáng để đầu tư nhất năm 2021,https://mogi.vn/news/wp-content/uploads/2021/06/duanBinhDuong.jpg
159,Biệt thự Dương Nội: 5 lợi thế “vàng” hút giới đầu tư,https://mogi.vn/news/wp-content/uploads/2021/06/bietthuduongnoi.jpg
160,Đất Hiếm Là Gì Và Những Điều Cần Biết,https://mogi.vn/news/wp-content/uploads/2021/06/Dat-hiem-la-gi-0.jpg
161,"Nhà phố liền: Khái niệm, ưu điểm, quy định và tính pháp lý",https://mogi.vn/news/wp-content/uploads/2021/05/nha-pho-lien-ke-2-696x397.jpg
162,Khám phá dự án Saigon Intela đang bàn giao giữa năm 2021,https://mogi.vn/news/wp-content/uploads/2021/05/9-696x371.jpg
163,Những lùm xùm của The Park Residence và thực tế năm 2021,https://mogi.vn/news/wp-content/uploads/2021/05/4-696x371.jpg
164,Vista Verde: “Bản tình ca thiên nhiên” giữa quận 2 sầm uất,https://mogi.vn/news/wp-content/uploads/2021/05/vista-verde-6-696x437.jpg
165,"Băng rôn nhuộm đỏ Saigon Gateway, chuyện gì đã xảy ra?",https://mogi.vn/news/wp-content/uploads/2021/04/Thumpnail-Blog-1-750x400-1-696x371.jpg
166,“Ồn ào” quanh dự án Fresca Riverside – Trách nhiệm thuộc về ai?,https://mogi.vn/news/wp-content/uploads/2021/05/thumpnail-fresca-riverside-696x371.jpg
167,Palm Garden “đóng băng” gần 3 năm và phản ứng của thị trường,https://mogi.vn/news/wp-content/uploads/2021/05/thumpnail-palm-garden-696x371.jpg
168,Chất lượng thực tế dự án The Krista Apartment sau bàn giao ra sao?,https://mogi.vn/news/wp-content/uploads/2021/04/Thumpnail-Blog-1-696x371.jpg
169,Chất lượng thực tế dự án The Krista Apartment sau bàn giao ra sao?,https://mogi.vn/news/wp-content/uploads/2021/04/Thumpnail-Blog-1-696x371.jpg
170,Malibu Hội An – Chốn nghỉ dưỡng phồn hoa liền kề phố cổ,https://mogi.vn/news/wp-content/uploads/2021/04/malibu-hoi-an-5-696x465.jpg
171,5 Co Working Space Hồ Chí Minh Tốt Nhất Hiện Nay,https://mogi.vn/news/wp-content/uploads/2021/04/co-working-space-ho-chi-minh-0.jpg
172,5 điều phải biết trước khi mua căn hộ 8X Đầm Sen,https://mogi.vn/news/wp-content/uploads/2021/04/thumpnail-8x-dam-sen-1-696x371.jpg
173,Điểm lại những “ồn ào” xoay quanh dự án căn hộ 8X Đầm Sen,https://mogi.vn/news/wp-content/uploads/2021/04/thumpnail-8x-dam-sen-696x371.jpg
174,Mẫu đơn kiến nghị đất đai đúng quy định,https://mogi.vn/news/wp-content/uploads/2021/04/mau-don-kien-nghi-dat-dai-1-696x446.jpeg
175,Không gian sống và chất lượng bàn giao căn hộ Richmond City,https://mogi.vn/news/wp-content/uploads/2021/04/Thumpnail-Richmond-City-696x371.jpg
176,Chất lượng bàn giao One Verandah và nhận định của thị trường,https://mogi.vn/news/wp-content/uploads/2021/04/Thumpnail-One-Verandah-696x371.jpg
177,Biên Bản Bàn Giao Mặt Bằng Và Những Điều Cần Biết,https://mogi.vn/news/wp-content/uploads/2021/04/Thiết-kế-chưa-có-tên-6-696x392.jpg
178,Những điều cần biết khi mua căn hộ Lexington Residence,https://mogi.vn/news/wp-content/uploads/2021/04/Thumpnail-Blog-750x400-1-696x371.jpg
179,Mỹ Phước 3 và những điều cần biết trước khi xuống tiền,https://mogi.vn/news/wp-content/uploads/2021/03/Thiết-kế-chưa-có-tên-696x392.jpg
180,Kinh Doanh Nhà Nghỉ Bình Dân Có Phải Lựa Chọn Thông Minh?,https://mogi.vn/news/wp-content/uploads/2021/03/Kinh-doanh-nha-nghi-0.jpg
181,Chiến lược marketing trong bất động sản giúp tăng doanh số,https://mogi.vn/news/wp-content/uploads/2021/03/chien-luoc-marketing-trong-bat-dong-san-8-696x392.jpg
182,Đất Địa Hình Đồi Núi Lên Ngôi Trên Thị Trường BĐS,https://mogi.vn/news/wp-content/uploads/2021/03/doi-nui-0.jpg
183,Quy hoạch đô thị là gì? Thông tin chưa chắc bạn đã rõ,https://mogi.vn/news/wp-content/uploads/2021/03/quyhoachdothilagi1.jpg
184,Real estate là gì? Tất cả những thuật ngữ liên quan,https://mogi.vn/news/wp-content/uploads/2021/02/real-estate-la-gi-1-696x453.jpg
185,Quy hoạch phân khu là gì và các thuật ngữ liên quan,https://mogi.vn/news/wp-content/uploads/2021/02/quy-hoach-phan-khu-la-gi-4-scaled-1-696x392.jpeg
186,"Chỉ giới đường đỏ, chỉ giới xây dựng là gì?",https://mogi.vn/news/wp-content/uploads/2021/02/Thiết-kế-chưa-có-tên-3-696x392.jpg
187,Kinh nghiệm mua đất nền: Những lưu ý cần biết,https://mogi.vn/news/wp-content/uploads/2021/01/kinhnghiemmuadatnen01.gif
188,Bốc Bát Họ Là Gì? Có Nên Bốc Bát Họ?,https://mogi.vn/news/wp-content/uploads/2021/01/Bóc-bát-họ-là-gì-696x392.jpg
189,Tra cứu thông tin thửa đất TPHCM chính xác nhất,https://mogi.vn/news/wp-content/uploads/2021/01/tra-cuu-thong-tin-thua-dat-tphcm-0.jpg
190,Bán nhà Bình Thạnh cuối năm: Làm sao để được giá?,https://mogi.vn/news/wp-content/uploads/2020/12/ban-nha-binh-thanh-4-696x522.jpg
191,Thuế nhà đất 2020: Những vấn đề nổi cộm nhất,https://mogi.vn/news/wp-content/uploads/2020/12/thue-nha-dat-2020-696x464.jpg
192,Tỷ giá biến động có ảnh hưởng đến thị trường nhà đất?,https://mogi.vn/news/wp-content/uploads/2020/12/tygia01.jpg
193,Thanh lý hợp đồng thuê nhà nhanh gọn với 3 lưu ý này!,https://mogi.vn/news/wp-content/uploads/2020/12/Thanhlyhopdongthuenha-0_result.jpg
194,Khu Đô Thị Nào Đáng Sống Nhất Việt Nam?,https://mogi.vn/news/wp-content/uploads/2020/11/Khu-do-thi-0.jpg
195,"Ký túc xá cao cấp, “sang chảnh” bậc nhất của sinh viên Việt Nam",https://mogi.vn/news/wp-content/uploads/2020/10/TOP_5__KÝ_TÚC_XÁ_SANG_CHANH_BẬC_NHẤT_VIỆT_NAM.png
196,Bán đất Quận Long Biên có những lợi thế nào?,https://mogi.vn/news/wp-content/uploads/2017/10/chung-cu-valencia-garden-long-bien-3-696x392.jpg
197,Quy hoạch khu dân cư đại học: Thách thức và cơ hội,https://mogi.vn/news/wp-content/uploads/2020/10/Quy_hoạch_khu_dân_cư_đại_học.jpg
198,Thông tin quy hoạch Gò Vấp đến năm 2020 như thế nào?,https://mogi.vn/news/wp-content/uploads/2020/10/quy_hoach_go_vap.jpg
199,Akari City giá bán mới nhất và tổng hợp thông tin liên quan,https://mogi.vn/news/wp-content/uploads/2020/10/thumpnail-akari-city-696x371.jpg
200,The Legacy – Tiêu chuẩn sống thượng lưu giữa lòng Hà Nội,https://mogi.vn/news/wp-content/uploads/2020/10/TheLegacy01.jpg
201,La Partenza tiến độ thi công nhanh nhờ các yếu tố nào?,https://mogi.vn/news/wp-content/uploads/2020/10/LaPartenzatiendo-0_result.jpg
202,Cư Xá Thanh Đa – Quá khứ và Tương lai!,https://mogi.vn/news/wp-content/uploads/2020/10/CuxaThanhDa-0_result.jpg
203,Giá căn hộ Sala hiện nay đang ở mức nào?,https://mogi.vn/news/wp-content/uploads/2020/10/sala.jpg
204,Thị trường bất động sản quý 3 và hướng đầu tư,https://mogi.vn/news/wp-content/uploads/2020/10/danh_gia_thi_truong_bat_dong_san.png
205,Precia Quận 2 – phong cách sống thời thượng dành cho người thành đạt,https://mogi.vn/news/wp-content/uploads/2020/10/image-1.jpg
206,Sunshine City Bắc Từ Liêm – Nghệ thuật sống thượng lưu,https://mogi.vn/news/wp-content/uploads/2020/10/News-Mogi-Em-Hoàng-3-2-696x522.jpg
207,Lovera Vista Khang Điền – Sức hút từ những giá trị đặc biệt,https://mogi.vn/news/wp-content/uploads/2020/10/thumpnail-lovera-vista-1-696x371.jpg
208,Aqua City Biên Hòa – Có Nên Đầu Tư Hay Không,https://mogi.vn/news/wp-content/uploads/2020/10/aquacity.jpg
209,Đất nền Nhơn Trạch: Có nên mua không hay chỉ là sốt ảo?,https://mogi.vn/news/wp-content/uploads/2020/09/dat_nen_nhon_trach.jpg
210,Hợp đồng cho thuê nhà thế nào là chặt chẽ?,https://mogi.vn/news/wp-content/uploads/2020/09/hop_dong_cho_thue.png
211,TOP 40 mẫu banner bất động sản đẹp ấn tượng nhất,https://mogi.vn/news/wp-content/uploads/2020/09/Thiết-kế-chưa-có-tên-3-696x392.jpg
212,Đất nền Long Thành: top 6 dự án hot hiện nay,https://mogi.vn/news/wp-content/uploads/2020/09/dat_nen_long_thanh.jpg
213,Nhà đất Tây Ninh: Cập nhật tình hình thị trường 2020,https://mogi.vn/news/wp-content/uploads/2020/09/nha_dat_tay_ninh_600x414.jpg
214,Đất nền dự án và lựa chọn cho nhà đầu tư khi mua đất nền dự án TPHCM,https://mogi.vn/news/wp-content/uploads/2020/08/dat-nen-du-an-0.jpg
215,Mua bán nhà Hà Nội: Nên đầu tư vào khu vực nào?,https://mogi.vn/news/wp-content/uploads/2020/08/nha_hanoi_600x414.jpg
216,Mua bán nhà đất Hà Nội mùa dịch trở lại,https://mogi.vn/news/wp-content/uploads/2020/08/muabannhadathanoi1.jpg
217,Mua nhà quận 12 mùa Covid: Nhiều cơ hội hơn,https://mogi.vn/news/wp-content/uploads/2020/08/mua-nha-quan-12-10-696x467.jpg
218,Đất nền Bình Chánh nóng lên theo xu thế chung,https://mogi.vn/news/wp-content/uploads/2020/08/datnenbinhchanh001.jpg
219,Đất nền dự án: Nhà đầu tư cần cẩn trọng trước sự lừa đảo,https://mogi.vn/news/wp-content/uploads/2020/08/datnenduan10.jpg
220,Thuê chung cư giá rẻ: Nên hay không nên?,https://mogi.vn/news/wp-content/uploads/2020/08/CÁCH_THUÊ_CHUNG_CƯ_GIÁ_RẺ_TỐT_NHẤT.jpg
221,Thuê nhà đất và thuê chung cư: Nên ở đâu tốt hơn?,https://mogi.vn/news/wp-content/uploads/2020/08/nen_thue_dat_hay_thue_can_ho_chung_cu.jpg
222,Mua bán nhà đất Quy Nhơn: Thực trạng và lời khuyên,https://mogi.vn/news/wp-content/uploads/2020/08/mua-ban-nha-dat-quy-nhon-5-696x466.jpg
223,Căn hộ dịch vụ là gì? Kinh nghiệm làm căn hộ dịch vụ cho thuê,https://mogi.vn/news/wp-content/uploads/2020/08/canhodichvulagi.jpg
224,Chung cư thời Covid-19: Có nên đầu tư mua bán hay không?,https://mogi.vn/news/wp-content/uploads/2020/08/chungcu.jpg
225,Thuế nhà đất là gì? Quy định của nhà nước,https://mogi.vn/news/wp-content/uploads/2020/08/600x414-1.jpg
226,Cho thuê căn hộ quận 3: Lựa chọn nào tốt?,https://mogi.vn/news/wp-content/uploads/2020/08/cho-thue-can-ho-quan-3-6-696x462.jpg
227,Đất dự án quận 9: Dự án nào đang được quan tâm?,https://mogi.vn/news/wp-content/uploads/2020/08/dat-du-an-quan-9-696x425.jpg
228,Thuê nhà nguyên căn giai đoạn kinh tế khủng hoảng cần lưu ý điều gì?,https://mogi.vn/news/wp-content/uploads/2020/07/thue-nha-nguyen-can-1-1-696x461.jpg
229,Cho thuê văn phòng trước nguy cơ dịch bệnh trở lại,https://mogi.vn/news/wp-content/uploads/2020/07/chothuevanphong4-1.jpg
230,Cho thuê văn phòng ảo cần chú ý điều gì? Ưu và nhược điểm,https://mogi.vn/news/wp-content/uploads/2020/07/chothuevanphong56.png
231,Cho thuê mặt bằng nhỏ TPHCM và những điều cần biết,https://mogi.vn/news/wp-content/uploads/2020/07/cho-thue-mat-bang-nho-tphcm-1-696x449.jpg
232,Chung cư Hoàng Anh Gia Lai 3: Cập nhật tin tức mới nhất về dự án,https://mogi.vn/news/wp-content/uploads/2020/07/chung-cu-hoang-anh-gia-lai-3-9-696x467.jpg
233,Bán đất Bình Chánh: Lựa chọn nào HOT nhất 2020?,https://mogi.vn/news/wp-content/uploads/2020/07/ban-dat-binh-chanh-0.jpg
234,Chung cư The Harmona và những điều cần cân nhắc khi mua,https://mogi.vn/news/wp-content/uploads/2020/07/chung-cu-the-harmona-0.jpg
235,Bán nhà đường Lê Văn Sỹ quận 3: Cảnh giác với “cò nhà đất”,https://mogi.vn/news/wp-content/uploads/2020/07/bannhaduonglevansyquan36.png
236,Pháo Đài Láng – dấu ấn lịch sử trong lòng phố sầm uất,https://mogi.vn/news/wp-content/uploads/2020/07/phaodailang7-696x392.jpg
237,Hồ Gươm Plaza – chung cư 5 sao đi qua những lùm xùm,https://mogi.vn/news/wp-content/uploads/2020/07/hoguomplaza1-696x766.jpg
238,Bán nhà nhanh chỉ với 11 mẹo đơn giản,https://mogi.vn/news/wp-content/uploads/2020/07/bannhanhanh1.jpg
239,Chung cư Hoàng Anh Gia Lai 3: Review căn hộ cho thuê A – Z,https://mogi.vn/news/wp-content/uploads/2020/07/chungcuhoanganhgialai31-696x522.jpg
240,"Cho thuê căn hộ quận 3: Các ưu – nhược điểm, giá thuê",https://mogi.vn/news/wp-content/uploads/2020/07/thumb.jpg
241,Nhà đất Kiên Giang: Thị trường này có gì sau Covid 19?,https://mogi.vn/news/wp-content/uploads/2020/07/nha-dat-kien-giang-0.jpg
242,Thuê nhà nguyên căn Hà Nội ngày càng được thị trường chọn lựa,https://mogi.vn/news/wp-content/uploads/2020/07/thuenhanguyencanhanoi8-1-696x464.jpg
243,Mua bán nhà đất và xu hướng tăng giá tại TP Hồ Chí Minh,https://mogi.vn/news/wp-content/uploads/2020/07/muabannhadat1.jpg
244,Cho thuê căn hộ Sunrise Riverside và một số chung cư khác ở Nhà Bè,https://mogi.vn/news/wp-content/uploads/2020/07/chothuecanhosunrise-riverside.jpg
245,Masteri Millennium – Chuẩn mực sống sang giữa lòng thành phố,https://mogi.vn/news/wp-content/uploads/2020/07/Millennium001.jpg
246,Đất nền và 5 yếu tố giúp bạn đầu tư thành công!,https://mogi.vn/news/wp-content/uploads/2020/06/Datnen-0_result.jpg
247,Estella Place – Thiên đường mua sắm và tận hưởng cuộc sống đích thực!,https://mogi.vn/news/wp-content/uploads/2020/06/Estellaplace1-696x394.jpg
248,Capitaland Quận 2 – Dự án bất động sản đáng chú ý hiện nay!,https://mogi.vn/news/wp-content/uploads/2020/06/capitalandquan206.jpg
249,Topaz Elite Quận 8 – Tiến độ xây dựng và thông tin quan trọng,https://mogi.vn/news/wp-content/uploads/2020/06/topazelite03.jpg
250,"Palm Residence, đừng mua khi chưa biết thông tin sau",https://mogi.vn/news/wp-content/uploads/2020/06/palmresidence1.jpg
251,Sài Gòn Mia – góc nhỏ bình yên giữa Sài Gòn hoa lệ,https://mogi.vn/news/wp-content/uploads/2020/06/Saigonmia1-696x478.jpg
252,Chung cư Đông Anh có hot khi dự án Thành phố Thông minh khởi công?,https://mogi.vn/news/wp-content/uploads/2020/06/chungcudonganh3-696x387.jpg
253,Chung cư Đông Anh có hot khi dự án Thành phố Thông minh khởi công?,https://mogi.vn/news/wp-content/uploads/2020/06/chungcudonganh3-696x387.jpg
254,The CBD Premium Home – chớ dại mua khi chưa biết điều sau!,https://mogi.vn/news/wp-content/plugins/td-composer/legacy/Newspaper/assets/images/no-thumb/td_696x0.png
255,Dragon Village 3 Quận 9: Ngôi làng đong đầy hạnh phúc,https://mogi.vn/news/wp-content/uploads/2020/06/dragon-village-3-anh-bia-1.jpg
256,Green River quận 8 và 5  lưu ý cần biết khi mua chung cư!,https://mogi.vn/news/wp-content/uploads/2020/06/chung-cu-green-river-696x392.jpg
257,Bất động sản khu Đông: Tâm điểm lớn trong năm 2020,https://mogi.vn/news/wp-content/uploads/2020/06/bat-dong-san-khu-dong-ab.jpg
258,Bán nhà Tân Phú: Tuyệt chiêu tìm kiếm khách hàng và tăng giá bán,https://mogi.vn/news/wp-content/uploads/2020/06/ban-nha-tan-phu-ab.jpg
259,Căn hộ Vinhomes Golden River – chốn an sinh lý tưởng,https://mogi.vn/news/wp-content/uploads/2020/06/canhoVinhomesGoldenRiver1.jpg
260,"Top 05 khu đô thị đẹp, quy hoạch tốt nhất tại Sài Gòn",https://mogi.vn/news/wp-content/uploads/2020/06/khudothidep01.jpg
261,"Dự án nhà phố quận 2 nổi bật, sắp mở bán năm 2020",https://mogi.vn/news/wp-content/uploads/2020/06/duannhaphoquan21.jpg
262,Vincity Củ Chi và những điều tạo nên một tuyệt phẩm BĐS,https://mogi.vn/news/wp-content/uploads/2020/06/Thiết-kế-chưa-có-tên-18-696x392.jpg
263,Đất nền Long An: Lựa chọn dự án nào để an tâm?,https://mogi.vn/news/wp-content/uploads/2020/05/Dat-nen-long-an-anh-bia.jpg
264,"Định giá nhà đất nhanh chóng, đơn giản, chính xác thời “hậu Covid”",https://mogi.vn/news/wp-content/uploads/2020/05/dinhgianhadat7.jpg
265,Giga mall Phạm Văn Đồng có gì hot bên trong? Tìm hiểu ngay!,https://mogi.vn/news/wp-content/uploads/2020/05/gigamall.jpg
266,Thuê nhà trọ – chủ trọ cần làm gì để tăng hiệu quả sau dịch bệnh?,https://mogi.vn/news/wp-content/uploads/2020/05/thuenhatro11.jpg
267,Nhà bán quận 12 có sổ hồng riêng mua dễ dàng hơn khi biết điều sau!,https://mogi.vn/news/wp-content/uploads/2020/05/nhabanquan12cosohongrieng1.jpg
268,Quy hoạch quận Gò Vấp: Thông tin mới nhất 2020,https://mogi.vn/news/wp-content/uploads/2020/05/Quy-hoach-quan-go-vap-tb.jpg
269,Sunshine City quận 7 – Căn hộ dẫn đầu công nghệ 4.0 tại TP.HCM,https://mogi.vn/news/wp-content/uploads/2020/05/SunshineCityquan7001.jpg
270,Sala Garden – Hoa viên nghĩa trang 5 sao đầu tiên tại Việt Nam,https://mogi.vn/news/wp-content/uploads/2020/05/SalaGarden01.jpg
271,Central Park Vinhomes: Những điều thú vị về công trình của Vingroup,https://mogi.vn/news/wp-content/uploads/2020/05/CentralParkVinhomes01.jpg
272,Cầu Cần Giờ: Đánh thức tiềm năng bất động sản khu vực,https://mogi.vn/news/wp-content/uploads/2020/05/caucangio01.jpg
273,Tiềm năng đất Củ Chi: Cơ hội tăng giá mạnh từ đâu?,https://mogi.vn/news/wp-content/uploads/2020/05/tiemnangdatcuchi001.jpg
274,Bản đồ quy hoạch Hà Nội mới nhất có gì?,https://mogi.vn/news/wp-content/uploads/2020/05/ban-do-quy-hoach-ha-noi-anh-bia.jpg
275,Vinhomes Central Park Tân Cảng: Điểm đến tuyệt vời dành cho bạn,https://mogi.vn/news/wp-content/uploads/2020/05/Vinhomes-Central-Park-tan-cang-anh-bia.jpg
276,The Emerald sở hữu giá trị mà khách hàng tìm kiếm sau dịch,https://mogi.vn/news/wp-content/uploads/2020/05/TheEmerald_1-696x439.jpg
277,Dự án đất nền giá rẻ tại TP.HCM được săn đón giữa mùa dịch,https://mogi.vn/news/wp-content/uploads/2020/04/du-an-dat-nen-1.jpg
278,"Mipec Kiến Hưng, nên mua căn hộ để ở hay đầu tư?",https://mogi.vn/news/wp-content/uploads/2020/04/mipec-kien-hung-5-696x483.jpg
279,Bán nhà nhanh – phương thức thu hút khách hàng trong mùa dịch,https://mogi.vn/news/wp-content/uploads/2020/04/bannhanhanh8.jpg
280,"Giá đất ở Đà Nẵng hiện nay, bảng giá đất mới nhất 2020-2024",https://mogi.vn/news/wp-content/uploads/2020/04/gia-dat-o-da-nang-hien-nay-3-696x433.jpg
281,Đà Nẵng nên mua đất ở đâu để an cư và đầu tư tốt nhất?,https://mogi.vn/news/wp-content/uploads/2020/04/da-nang-nen-mua-dat-o-dau-10.jpg
282,FLC Garden City – Sự lựa chọn hoàn hảo của khách hàng,https://mogi.vn/news/wp-content/uploads/2020/04/FLCGardenCity001.jpg
283,Phân khúc chung cư quận 9 nhìn lại trong bão dịch hoành hành,https://mogi.vn/news/wp-content/uploads/2020/04/chungcuquan9-3.jpg
284,Nhà đất quận 8: Sức hút mạnh mẽ của một thị trường tiềm năng,https://mogi.vn/news/wp-content/uploads/2020/04/nha-dat-quan-8-anh-bia.jpg
285,The Garden Hill Trần Bình thu hút khách hàng nhờ yếu tố nào?,https://mogi.vn/news/wp-content/uploads/2020/05/TheGardenHill001.jpg
286,Celadon City và những điều đặc biệt không đâu có được,https://mogi.vn/news/wp-content/uploads/2020/04/Celadon-city-anh-bia.jpg
287,Thuê chung cư tại TPHCM: Lựa chọn an toàn cho mùa dịch,https://mogi.vn/news/wp-content/uploads/2020/04/thue-chung-cu-anh-bia.jpg
288,Nhà đất quận 8| Top 5 địa chỉ bán nhà giá rẻ giữa mùa dịch,https://mogi.vn/news/wp-content/plugins/td-composer/legacy/Newspaper/assets/images/no-thumb/td_696x0.png
289,Nhà đất quận 8| Top 5 địa chỉ bán nhà giá rẻ giữa mùa dịch,https://mogi.vn/news/wp-content/plugins/td-composer/legacy/Newspaper/assets/images/no-thumb/td_696x0.png
290,Cho thuê căn hộ –  Yếu tố quyết định thành công trong mùa dịch bệnh,https://mogi.vn/news/wp-content/uploads/2020/04/chothuecanho5.jpg
291,Bất động sản Hóc Môn và 3 thế mạnh có thể bạn chưa biết!,https://mogi.vn/news/wp-content/uploads/2020/04/BatdongsanHocMon-0_result.jpg
292,Vinhomes Tân Cảng – Điểm đến hoàn hảo mùa dịch,https://mogi.vn/news/wp-content/uploads/2020/04/Vinhomestancang1.jpg
293,Các chủ đầu tư uy tín TPHCM trên thị trường bất động sản hiện nay,https://mogi.vn/news/wp-content/uploads/2020/04/cacchudautuuytintphcm1.jpg
294,Cho thuê phòng trọ Phú Nhuận giải pháp cầm cự trong mùa dịch bệnh,https://mogi.vn/news/wp-content/uploads/2020/04/chothuephongtrophunhuan8.jpg
295,Phòng trọ Gò Vấp: Lựa chọn ra sao trong mùa dịch Covid 19?,https://mogi.vn/news/wp-content/uploads/2020/04/phong-tro-go-vap-anh-bia.jpg
296,Cho thuê phòng trọ Gò Vấp: Lựa chọn an toàn giữa mùa dịch,https://mogi.vn/news/wp-content/uploads/2020/04/cho-thue-phong-tro-go-vap-anh-bia.jpg
297,Tìm phòng trọ TPHCM cho sinh viên: Những điều cần lưu ý trong mùa dịch,https://mogi.vn/news/wp-content/uploads/2020/04/phong-tro-go-vap-anh-bia.jpg
298,Mua bán nhà đất Quận 12 và những điều cần lưu ý mùa dịch,https://mogi.vn/news/wp-content/uploads/2020/04/mua-ban-nha-dat-quan-12-anh-bia.jpg
299,Cho thuê phòng trọ Bình Thạnh: Nơi đáng thuê khi dịch bệnh lan tràn,https://mogi.vn/news/wp-content/uploads/2020/04/cho-thue-phong-tro-binh-thanh.jpg
300,Cho thuê phòng trọ Thủ Đức: Việc kinh doanh đầy tiềm năng,https://mogi.vn/news/wp-content/uploads/2020/04/cho-thue-phong-tro-thu-duc-anh-bia.jpg
301,Khu Công nghiệp Tân Phú Trung có gì hút nhà đầu tư?,https://mogi.vn/news/wp-content/uploads/2020/03/Thiết-kế-chưa-có-tên-1-1-696x392.jpg
302,Crystal Palace quận 7 – Sang trọng với chất lượng đẳng cấp quốc tế!,https://mogi.vn/news/wp-content/uploads/2020/03/CrystalPalacequan7-0_result-1.jpg
303,Thuê phòng trọ quận Tân Bình cân nhắc trong mùa dịch Covid-19!,https://mogi.vn/news/wp-content/uploads/2020/03/thuephongtroquantanbinh9.jpg
304,Imperia An Phú: Điểm đến thanh bình và xanh tươi,https://mogi.vn/news/wp-content/uploads/2020/03/imperia-an-phu-8-696x464.jpg
305,Căn hộ dịch vụ cho thuê ngắn hạn nhanh nhất nhờ 5 điều này!,https://mogi.vn/news/wp-content/uploads/2020/03/Canhodichvuchothuenganhan-0_result.jpg
306,Cho thuê mặt bằng và những lời khuyên dành cho bạn,https://mogi.vn/news/wp-content/uploads/2020/03/cho-thue-mat-bang-anh-bia-1.jpg
307,Bán nhà Quận 7 và những điều bạn cần biết,https://mogi.vn/news/wp-content/uploads/2020/03/ban-nha-quan-7-anh-bia.jpg
308,Thuê chung cư mini tiết kiệm chi phí nhất nếu lưu ý những điều này,https://mogi.vn/news/wp-content/uploads/2020/03/thue-chung-cu-mini-1-696x420.jpg
309,"Mễ Trì Hạ: KĐT quy mô lớn ở Nam Từ Liêm, Hà Nội",https://mogi.vn/news/wp-content/uploads/2020/03/KDT-me-tri-ha-1-696x522.jpg
310,Đảo Kim Cương – Điểm đến lý tưởng cho gia đình bạn,https://mogi.vn/news/wp-content/uploads/2020/03/daokimcuong001.jpg
311,Đất nền Bình Chánh: Cơ hội đầu tư mới trong giai đoạn 2020 -2025,https://mogi.vn/news/wp-content/uploads/2020/03/datnenbinhchanh001.jpg
312,"Mẫu cầu thang nhà ống 5m tiết kiệm không gian, dễ thiết kế",https://mogi.vn/news/wp-content/uploads/2020/03/maucauthangnhaong5m3-696x503.jpg
313,Bán đất Cà Mau: Giá tăng do hưởng lợi từ những dự án lớn,https://mogi.vn/news/wp-content/uploads/2020/03/bandatcamau001.jpg
314,"Dự án Cát Tường Phú Sinh: KĐT nổi bật tại Đức Hòa, Long An",https://mogi.vn/news/wp-content/uploads/2020/03/du-an-cat-tuong-phu-sinh-1-696x435.jpg
315,Cho thuê mặt bằng Nha Trang – bí kíp vượt qua mùa dịch Covid-19,https://mogi.vn/news/wp-content/uploads/2020/03/chothuematbangnhatrang1-696x523.jpg
316,Bán nhà Quận 1: Nhìn nhận thị trường và tìm kiếm tiềm năng,https://mogi.vn/news/wp-content/uploads/2020/03/ban-nha-quan-1-anh-bia.gif
317,Bán đất quận 2: Diễn biến phức tạp trong quý I/2020,https://mogi.vn/news/wp-content/uploads/2020/03/bandatquan201.jpg
318,Cho thuê mặt bằng: Làm sao để thu lợi an toàn và nhanh chóng,https://mogi.vn/news/wp-content/uploads/2020/03/cho-thue-mat-bang-anh-bia.jpg
319,Hợp đồng thuê nhà ở đơn giản và có giá trị pháp lý cần có nội dung gì?,https://mogi.vn/news/wp-content/uploads/2020/03/hopdongthuenhao4-696x464.jpg
320,Cho thuê phòng trọ quận Tân Bình: Lựa chọn nào hiệu quả nhất,https://mogi.vn/news/wp-content/uploads/2020/03/cho-thue-phong-tro-quan-tan-binh-ab.jpg
321,Nhà đất Vĩnh Long – kênh đầu tư béo bở,https://mogi.vn/news/wp-content/uploads/2020/03/nhadatvinhlong1.jpg
322,Thuê trọ Đà Nẵng dễ dàng hơn với những bí kíp rút ra từ thực tế!,https://mogi.vn/news/wp-content/uploads/2020/03/thuetrodanang7-696x465.jpg
323,Bán đất Đà Lạt: Những kinh nghiệm vàng cho người bán,https://mogi.vn/news/wp-content/uploads/2020/02/ban-dat-da-lat-ab.jpg
324,Sang quán Cafe: Làm sao tìm được một địa điểm ưng ý,https://mogi.vn/news/wp-content/uploads/2020/02/sang-quan-cafe-ab.png
325,Giá nhà đất quận 9 có thể tăng mạnh trong năm 2020,https://mogi.vn/news/wp-content/uploads/2020/02/gianhadatquan91.jpg
326,Nhà trọ Tân Bình – những gợi ý không nên bỏ qua dành cho sinh viên,https://mogi.vn/news/wp-content/uploads/2020/02/nhatrotanbinh6.jpg
327,Review Hồ bơi Tây Thạnh – địa chỉ “giải nhiệt” mùa hè tại TPHCM,https://mogi.vn/news/wp-content/uploads/2020/03/ho-boi-tay-thanh-696x392.jpg
328,Khu đô thị Sala – đô thị đáng sống tại Việt Nam,https://mogi.vn/news/wp-content/uploads/2020/02/khudothisala1.jpg
329,Vị trí Vincity quận 9 ở đâu? Tiềm năng tăng giá từ vị trí dự án,https://mogi.vn/news/wp-content/uploads/2020/02/vi-tri-vincity-quan-9-9-696x491.jpg
330,Nhà bán quận 4 – Địa chỉ bán nhà giá rẻ dưới 3 tỷ đồng,https://mogi.vn/news/wp-content/uploads/2020/02/nha-ban-quan-4-20-696x522.jpg
331,Bán Nhà Thủ Đức nhanh hơn với những bí quyết vàng,https://mogi.vn/news/wp-content/uploads/2020/02/ban-nha-thu-duc-tb.jpg
332,Nhà đất quy nhơn: Khi đất võ trở thành điểm nóng trên thị trường,https://mogi.vn/news/wp-content/uploads/2020/02/nha-dat-quy-nhon-anh-bia.jpg
333,Mẹo kinh doanh bất động sản cho người mới bắt đầu,https://mogi.vn/news/wp-content/uploads/2020/02/meo-kinh-doanh-bat-dong-san-tb.jpg
334,Thuê nhà trọ Gò Vấp giá rẻ: Ở đâu và như thế nào?,https://mogi.vn/news/wp-content/uploads/2020/02/thue-nha-tro-go-vap-anh-bia.jpg
335,Nhà đất Thủ Đức liên tục tăng giá do đâu?,https://mogi.vn/news/wp-content/uploads/2020/02/nhadatthuduc01.jpg
336,"Nhà đất Quảng Ngãi: Nhu cầu nhà ở tăng, khu dân cư hình thành",https://mogi.vn/news/wp-content/uploads/2020/02/nhadatquangngai01.jpg
337,Nhà đất Thủ Đức liên tục tăng giá do đâu?,https://mogi.vn/news/wp-content/uploads/2020/02/nhadatthuduc01.jpg
338,"Nhà đất Quảng Ngãi: Nhu cầu nhà ở tăng, khu dân cư hình thành",https://mogi.vn/news/wp-content/uploads/2020/02/nhadatquangngai01.jpg
339,"Hateco Xuân Phương, có nên mua căn hộ để ở không?",https://mogi.vn/news/wp-content/uploads/2020/02/hateco-xuan-phuong-7-696x392.jpg
340,Thuê căn hộ tại TP Hồ Chí Minh với những lưu ý bạn không nên bỏ qua,https://mogi.vn/news/wp-content/uploads/2020/02/thuecanho1-696x427.jpg
341,Thuê mặt bằng hoàn hảo để kinh doanh thuận lợi bằng cách nào?,https://mogi.vn/news/wp-content/uploads/2020/02/thue-mat-bang-anh-bia.jpg
342,Mua bán đất Đà Nẵng: Chọn loại nào để hốt bạc?,https://mogi.vn/news/wp-content/uploads/2020/02/mua-ban-dat-da-nang-anh-bia.jpg
343,Giá đất Hà Nội 2020: Dự đoán và phân tích của chuyên gia,https://mogi.vn/news/wp-content/uploads/2020/01/Gia-dat-ha-noi-anh-bia.jpg
344,Flamingo Đại Lải: Nơi mang tới những chuyến đi hoàn mỹ,https://mogi.vn/news/wp-content/uploads/2020/01/flamingo-dai-lai-anh-bia.jpg
345,Lago Centro Bến Lức và lý do nên xuống tiền đầu tư,https://mogi.vn/news/wp-content/uploads/2020/01/Lago-centro-anh-bia.jpg
346,"Phòng trọ quận Tân Bình: địa chỉ cho thuê phòng trọ đẹp, giá rẻ",https://mogi.vn/news/wp-content/uploads/2020/01/phong-tro-quan-tan-binh-10.jpg
347,Phòng Trọ Bình Thạnh: Xu hướng HOT cho năm 2020,https://mogi.vn/news/wp-content/uploads/2020/01/Phong-tro-binh-thanh-anh-bia.jpg
348,Thuê phòng trọ quận 10 | Kinh nghiệm tìm thuê phòng trọ giá rẻ,https://mogi.vn/news/wp-content/uploads/2020/01/thue-phong-tro-quan-10-7.jpg
349,Chung cư Kim Văn Kim Lũ – Nơi sinh sống lý tưởng cho Mọi người dân,https://mogi.vn/news/wp-content/uploads/2020/01/chungcukimvankimlu1.jpg
350,"Mua đất quận 9 chính chủ, vị trí đẹp, giá tốt ở đâu?",https://mogi.vn/news/wp-content/uploads/2020/01/mua-dat-quan-9-2.jpg
351,Quy hoạch Thủ Đức và cách tra cứu mới nhất,https://mogi.vn/news/wp-content/uploads/2020/01/quyhoachthuduc1-696x522.jpg
352,Đất Bình Chánh có gì tiềm năng gì đặc biệt trong bối cảnh hiện nay?,https://mogi.vn/news/wp-content/uploads/2020/01/dat-binh-chanh-anh-bia.png
353,Thuê nhà nguyên căn Thủ Đức: Làm sao giữa thị trường hạn hẹp?,https://mogi.vn/news/wp-content/uploads/2020/01/thue-nha-nguyen-can-thu-duc-anh-bia.jpg
354,Cho thuê mặt bằng kinh doanh hay tự kinh doanh thì hơn?,https://mogi.vn/news/wp-content/uploads/2020/01/matbangchothue1.jpg
355,"Chọn nhà trọ quận 10 an toàn, hiệu quả với 5 lưu ý dành cho sinh viên Bách Khoa Hồ Chí Minh",https://mogi.vn/news/wp-content/uploads/2020/01/nhatroquan10_4.jpg
356,"Báo Mua và Bán, Muaban.net, Mogi.vn – 3 kênh đăng tin rao vặt hiệu quả nhất hiện nay",https://mogi.vn/news/wp-content/uploads/2019/12/baomuavaban.jpg
357,Mua bán nhà đất Đà Nẵng: Những cảnh báo đáng chú ý,https://mogi.vn/news/wp-content/uploads/2019/12/mua-ban-nha-dat-da-nang-anh-bia.jpg
358,"Top 8 mẫu gạch ốp chân tường phòng khách đẹp, sang trọng",https://mogi.vn/news/wp-content/uploads/2019/10/gach-op-chan-tuong-2-696x492.jpg
359,3 Loại giấy tờ nhất định phải có khi cho thuê nhà nguyên căn TPHCM,https://mogi.vn/news/wp-content/uploads/2019/10/cho-thue-nha-nguyen-can-TPHCM-696x465.jpg
360,"Home City lùm xùm kéo giá tụt giảm, cư dân chịu thiệt",https://mogi.vn/news/wp-content/uploads/2019/08/homecity1.jpg
361,"Home City lùm xùm kéo giá tụt giảm, cư dân chịu thiệt",https://mogi.vn/news/wp-content/uploads/2019/08/homecity1.jpg
362,Golden Palace Mễ Trì Hà Nội – Đỉnh cao của cuộc sống,https://mogi.vn/news/wp-content/uploads/2019/08/GoldenPalace0.jpg
363,Khu đô thị Linh Đàm thuộc phường nào? Thông tin chi tiết,https://mogi.vn/news/wp-content/uploads/2019/07/khu-do-thi-linh-dam-1-696x392.jpg
364,5 Đặc điểm của Khu đô thị Đại Thanh khiến ai cũng muốn mua ngay!,https://mogi.vn/news/wp-content/uploads/2019/07/khu-do-thi-dai-thanh-3-696x436.jpg
365,Mua nhà trả góp tại Bà Rịa Vũng Tàu – nên hay không nên?,https://mogi.vn/news/wp-content/uploads/2019/05/mua-nha-tra-gop-ba-ria-2-696x391.jpg
366,Những điều bí mật về dự án Sunwah Pearl khiến bạn bị cuốn hút,https://mogi.vn/news/wp-content/uploads/2019/01/Untitled-3-5-696x522.jpg
367,Cho thuê mặt bằng kinh doanh Food court: Món mồi béo bở của nhà đầu tư,https://mogi.vn/news/wp-content/uploads/2019/01/Untitled-4-3-696x522.jpg
368,"Điểm tin sáng 28-12: Chủ đầu tư bị bao vây gây sức ép, khu phức hợp Đầm Sen được “xóa treo”",https://mogi.vn/news/wp-content/uploads/2018/12/to-cao-696x522.jpg
369,Mipec City View: “Chết ngất” với giá căn hộ cho khách hàng,https://mogi.vn/news/wp-content/uploads/2018/12/Mipec-City-View-696x460.jpg
370,Dự án nhà ở xã hội lựa chọn cho người có thu nhập thấp,https://mogi.vn/news/wp-content/uploads/2018/10/du-an-nha-o-xa-hoi-1-696x412.jpg
371,Sinh viên nên thuê nhà trọ hay ở ký túc xá?,https://mogi.vn/news/wp-content/uploads/2018/07/sinh-vien-nen-thue-nha-tro-hay-o-ky-tuc-xa-3-696x392.jpg
372,Các hình thức vay vốn ngân hàng mua nhà hiện nay,https://mogi.vn/news/wp-content/uploads/2018/08/Thiết-kế-chưa-có-tên-6-696x427.jpg
373,Kinh nghiệm khi mua nhà quận 11 TPHCM,https://mogi.vn/news/wp-content/uploads/2018/06/a1-livingroom01-1448934098-696x392.jpg
374,Top 3 dự án căn hộ chung cư giá 600 triệu TPHCM,https://mogi.vn/news/wp-content/uploads/2018/06/8-8-696x522.jpg
375,Giá chung cư càng ở tầng cao thì càng thấp vì sao?,https://mogi.vn/news/wp-content/uploads/2018/06/gia-chung-cu-cang-o-tang-cao-thi-cang-thap-vi-sao-4-696x418.jpg
376,Bạn đã biết về giá đền bù đất đai nông nghiệp mới nhất 2018 chưa?,https://mogi.vn/news/wp-content/uploads/2018/06/luat-den-bu-dat-dai-nong-nghiep-4-696x456.jpg
377,Giá căn hộ richstar Tân Phú và những điều cần biết,https://mogi.vn/news/wp-content/uploads/2018/06/gia-can-ho-richstar-tan-phu-1-696x392.jpg
378,Tình hình cho thuê mặt bằng kinh doanh Quận 1,https://mogi.vn/news/wp-content/uploads/2018/05/mat-bang-cho-thue-696x522.jpg
379,Những lợi ích tuyệt vời từ thuê nhà nguyên căn Hà Nội miễn trung gian,https://mogi.vn/news/wp-content/uploads/2018/05/thue-nha-nguyen-can-tai-ha-noi-696x364.jpg
380,Bí quyết chọn phòng trọ quận 5 chất lượng với giá hời,https://mogi.vn/news/wp-content/uploads/2018/04/phong-tro-quan-5-4-696x522.jpg
381,Top 4 khu đô thị đẹp nhất Việt Nam hiện nay,https://mogi.vn/news/wp-content/uploads/2018/02/khu-do-thi-him-lam-696x392.jpg
382,Khu đô thị Sala Đại Quang Minh – Tiềm năng cho các nhà đầu tư,https://mogi.vn/news/wp-content/uploads/2018/02/khu-do-thi-sala-dai-quang-minh-696x391.jpg
383,"Dọn ra ở riêng, chi tiêu thế nào cho hợp lý ?",https://mogi.vn/news/wp-content/uploads/2018/02/Move-House-Green-Way-696x465.jpg
384,Sala quận 2 và những điều bạn chưa biết về nó,https://mogi.vn/news/wp-content/uploads/2018/01/sala-quan-2-696x392.jpg
385,Những lưu ý khi mua nhà quận 7,https://mogi.vn/news/wp-content/uploads/2017/11/1-3-696x368.jpg
386,Top 10 căn hộ tầm trung dưới 1 tỷ ở Quận 2 TPHCM,https://mogi.vn/news/wp-content/uploads/2017/10/z-696x492.jpg
387,Tìm nét khác biệt giữa phòng trọ sinh viên cho thuê Hà Nội và TPHCM,https://mogi.vn/news/wp-content/uploads/2017/06/so-sanh-doi-song-nha-tro-cho-thue-tphcm-ha-noi-696x394.jpg
388,Trục lợi từ kẽ hở chuyển đổi mục đích sử dụng đất trong Luật Đất Đai,https://mogi.vn/news/wp-content/uploads/2017/05/luat-nha-o-moi-nhat-696x530.jpg
389,Kiếm Bộn Tiền Nhờ Đầu Tư Đất Vườn Giá Rẻ,https://mogi.vn/news/wp-content/uploads/2017/05/nha-dat-vuon-696x384.jpg
